{"^t": -5.23518159906994, "ta": -5.4492483421471345, "ab": -6.5700193693917175, "bl": -6.36671981127578, "le": -4.91095449325128, "e ": -4.226901879132403, " s": -5.068357849545418, "so": -5.670202787594285, "oc": -5.572906661521605, "ck": -5.422633331389904, "ke": -5.807948261465638, "et": -5.099712781254491, "t ": -4.794068446180149, " w": -6.382026232558456, "wr": -6.728834478510331, "ri": -5.361506730607431, "it": -5.602331935860389, "te": -4.246152523744441, "ei": -6.554626556490546, "in": -4.423223664599748, "ng": -5.254140815125962, "g$": -5.428230053817774, "^c": -5.106629922728501, "ca": -5.643235793587271, "al": -5.113595244512144, "ll": -6.093059638414318, "lb": -6.678026150184661, "ba": -6.005834334800704, "ac": -5.155180766566528, "k ": -6.3318904201341, " a": -5.839323384033392, "ad": -5.536198420212541, "da": -5.796431819404079, "ap": -5.674839255331028, "pt": -5.674839255331028, "er": -3.674547460043223, "r ": -4.597720926286174, " d": -5.522682232711462, "de": -4.677979484591911, "ec": -5.014108780335888, "co": -4.452406706632293, "od": -5.686739098260833, "^w": -5.62017185398872, "wo": -7.01772940738732, "or": -4.330058051342798, "rk": -7.592015385070537, " r": -5.149918255987776, "re": -4.0390511149364, "eg": -6.594091698699511, "gi": -6.449367879011941, "is": -5.102330895328824, "st": -5.081108688811489, "we": -6.7633631860547965, "eb": -6.178089085288561, "bh": -7.76063809750633, "ho": -5.428890555823293, "oo": -6.159396952276408, "ok": -6.274867848174412, "k$": -6.283371958180712, "^p": -5.4328627556837255, "pi": -6.243792971900055, "ip": -6.967245501955329, "pe": -5.7412101823657755, "eu": -7.480638521226565, "un": -5.740758816977837, "nw": -7.76063809750633, "ra": -5.057133358775794, "p$": -7.136119423335481, "ew": -6.429403513569467, "wi": -7.378109774741263, "id": -5.5097044009627485, "dg": -7.572100075369596, "ge": -5.397348353885435, "t$": -5.0399694324449085, "^e": -5.9570441706312725, "en": -4.7222895217979195, "nc": -6.09049553444538, " m": -5.662244630410627, "mo": -5.639966481316899, "el": -5.990076786698332, "l$": -6.096918164101847, "tr": -5.537670632476976, "an": -5.629010802655924, "ns": -5.451949221574266, "sa": -6.3743437363864395, "ct": -5.644464546557764, "ti": -4.521159645299282, "io": -4.724247108067437, "on": -4.155990954211758, "n$": -5.2469544934306755, "th": -4.792668620929695, "he": -4.75728189884168, " c": -5.011711481595968, "cr": -5.759893797163857, "ro": -4.943763997433072, "n ": -5.335895574671771, " t": -4.8918505984211205, "ha": -5.5104209900296, "at": -4.221948922003555, "es": -4.465683454761692, "s$": -5.026624038651529, "^r": -5.345575021085594, "ed": -5.703118774809646, "du": -6.052186297330421, "uc": -6.5245340149976006, "ce": -5.183983573237715, "rd": -6.3658762852873405, "bu": -6.060849717852628, "ug": -6.970327168492737, "ch": -5.387157182879247, "os": -6.759606137177085, "se": -4.524229793876489, "^s": -5.065367623050519, " o": -7.173229432986712, "ob": -6.695458317353332, "bs": -6.203568170589546, "rv": -6.464141924283249, "ve": -5.35688493837166, "r$": -4.813695988121771, "ia": -5.8142421578172225, "li": -4.9488613680379485, "iz": -5.824003094270556, "za": -6.665432967159835, "sc": -5.902004401651609, "ul": -6.143745050577213, "ex": -5.876355259381129, "xp": -7.4780711257213195, "po": -5.519783679957451, "rt": -5.742113524793962, "^a": -5.7808101999515324, "au": -5.994719859462163, "ut": -5.250541198889771, "ze": -6.3794588370532095, " n": -7.733790847470142, "nu": -7.285122476353078, "ux": -9.301083138453478, "xt": -6.664295957372759, "^n": -7.231611769093493, "lh": -11.364776323165175, "nd": -5.458733508111189, "dl": -6.314920315915638, "^i": -6.08411389185586, "lc": -7.633076871868311, "nf": -6.803035695104421, "fi": -5.489494530347104, "ig": -6.15324308670203, "ga": -7.666565541622355, " h": -6.830833646465452, " e": -5.901474319476462, "em": -5.992976179857336, "mi": -5.660160862205083, "^f": -6.042376286101182, "ix": -7.440330797738472, "tu": -7.014498386805874, "ur": -5.930508617005307, " v": -6.877545435041771, "vi": -6.12567831627711, "e$": -4.4849062476725745, "wh": -6.044819781513658, " i": -5.4223050858593025, "s ": -5.112631621214258, " p": -5.235453819025344, "pr": -5.515811838664477, "ss": -5.159208969395133, "as": -5.72642165383143, "sk": -7.3461435826787715, "ts": -6.416903350805235, "ks": -7.6512042564608675, "sr": -7.875873361083915, "ow": -5.673572630715834, "w$": -7.679026762060167, "om": -5.553261148706093, "mp": -5.584804710151428, "sp": -5.922899884645772, "pa": -5.21018365715297, "ay": -6.532470564593337, "yl": -7.563684878444311, "lo": -5.244204216669578, "oa": -6.180187721945482, "d$": -5.555883364106357, "ea": -5.5840328073728465, "si": -5.668942018358149, "ie": -6.626387293390861, "cu": -6.278724389784165, "la": -5.911059057389449, "^m": -5.75028053933574, "me": -5.487040541385537, "ag": -5.829905718393012, "am": -6.425816065775811, "m ": -7.211769848294489, "ou": -5.638743239574155, "nt": -4.964103681670195, "hr": -6.832176830011919, "dc": -9.100412442991328, "im": -6.3508132389762455, "tl": -7.251855375370139, "ib": -6.888860973034347, "b$": -7.777791176732579, "^u": -6.457651405438584, "rl": -7.5749209517112375, "^v": -6.891709977810422, "va": -6.673428440936032, "my": -8.752869982615868, "yp": -6.433905997537782, "py": -7.231611769093493, "y ": -5.998800308143324, "^l": -6.562806561202477, "di": -5.651456144028486, "ep": -6.029042755231717, "to": -4.848583247122211, "ry": -5.642417462936039, "yd": -9.947710303378532, "ma": -5.46590689497729, "pp": -7.1452686179890685, "y$": -5.7907229551837585, "sy": -7.597779089787287, "yn": -7.577749807911715, "rf": -8.023682865572725, "fo": -5.399591585077674, "rm": -5.957604551705057, "tt": -5.863008038648665, "ku": -9.615576468355917, "up": -6.810899431564635, "ps": -8.166103205614494, "^k": -8.176359705781683, "ey": -7.577749807911715, "pl": -5.844315905636512, "oy": -7.899040420365449, "fl": -7.283010543149935, "lu": -6.46880393738906, "us": -6.408069371094475, "sh": -6.2580735603226865, "h ": -6.523546360596328, "no": -7.00646621510861, "sq": -8.223862039766686, "ql": -7.361998954468565, "l ": -6.234877608242102, "ru": -6.834868621677631, "gu": -6.840274040244539, "ee": -7.636075374864568, "rr": -6.974967548049239, "^d": -5.688022520896894, "ol": -5.39606876317981, "lv": -6.995328470698154, "ar": -4.994447349746208, "rs": -5.887267292832112, "rw": -9.224710159668906, "d ": -5.988919379161721, " u": -6.4195688343913755, "rg": -6.877545435041771, "c$": -7.385094669263215, "^o": -7.093332148130272, "bj": -10.22534203997681, "je": -7.701214677035529, "tb": -8.944408194514747, "ui": -6.5404706072604135, "il": -5.5886731869293484, "lt": -6.816176488665478, "na": -6.842987746116135, "g ": -6.772184919383944, "cp": -8.561415942258641, "pu": -6.218736392062717, "u$": -8.23473171200359, "a ": -7.348393302412787, "eo": -7.423194515495485, "cc": -7.483212525221738, "cl": -6.328635738660558, "su": -5.95928758155535, "ai": -7.040643666910197, "dr": -8.369044049611185, "zz": -12.057923503725121, "zl": -11.83477995241091, "^h": -5.65808142706194, "hi": -7.831089758456941, "w ": -5.859953046455953, "o ": -5.829905718393012, "o$": -7.3416592702314425, " l": -6.744717524683334, "yo": -7.509323669225424, "xc": -7.663474349052682, "ub": -6.1893330547676735, "be": -6.881773771151292, "ne": -5.466935878089862, " f": -5.305653127583379, "sm": -8.097110334127542, "gg": -7.089847824047661, "gr": -6.273329386332506, "sf": -7.541584531443645, "nn": -6.370948147385302, "iv": -7.442802986883861, "if": -7.055656459299382, "fy": -10.308723648915862, " j": -7.380432656157404, "jw": -10.010230660359865, "wt": -9.706548246561644, "ic": -5.8137566030613845, "sl": -7.9511564215044634, "og": -6.851173330702575, "tc": -6.792645991255284, "p ": -7.001677698376813, "^b": -6.566921793347583, "ka": -7.413532604583748, "av": -7.522639445201196, "tq": -10.959311215057012, "qu": -6.477250726231029, "ue": -6.164209611960824, "ir": -7.17512158113875,